Time (s),RPM,Torque,Horsepower
0.0,1401,118,31.477151561309977
0.10422873497009277,1669,111,35.27399086062452
0.20508480072021484,1489,116,32.88728103579589
0.3058006763458252,2423,157,72.43164508758568
0.40635037422180176,2455,189,88.34634424980959
0.5070514678955078,2096,234,93.38613861386139
0.6077976226806641,1362,237,61.46115765422696
0.7085886001586914,838,230,36.698400609291696
0.8092505931854248,1315,181,45.318926123381566
0.910132884979248,1560,201,59.7029702970297
1.011293649673462,2371,215,97.06111957349582
1.1125786304473877,3011,248,142.17974105102817
1.213369369506836,3114,273,161.86633663366337
1.3145477771759033,4022,269,206.0011424219345
1.4152238368988037,4858,227,209.97067783701448
1.5158843994140625,5256,177,177.13480578827114
1.624711275100708,5924,181,204.15917745620715
1.7256684303283691,6743,189,242.65555978674792
1.8263845443725586,7238,189,260.468773800457
1.9272282123565674,6968,177,234.83168316831683
2.0282671451568604,7615,162,234.8876618431074
2.1294522285461426,6941,204,269.6047220106626
2.2301650047302246,7262,225,311.1100533130236
2.3308815956115723,8141,183,283.66393754760094
2.4316375255584717,8031,155,237.01542269611576
2.533243179321289,7562,119,171.34006092916985
2.6384315490722656,7301,148,205.74028941355675
2.7390706539154053,7067,113,152.0508377760853
2.839703321456909,6401,107,130.40879664889565
2.9405078887939453,6552,129,160.93069306930693
3.0411770343780518,6786,145,187.35148514851485
3.1424100399017334,6456,187,229.86900228484387
3.2434794902801514,5679,207,223.82958872810357
3.3442776203155518,5294,169,170.35148514851485
3.444962501525879,4631,182,160.48019801980197
3.5461909770965576,3708,222,156.73571972581874
3.6473658084869385,4637,185,163.3368240670221
3.748217821121216,5272,177,177.6740289413557
3.8493492603302,5500,151,158.13023610053312
3.950188159942627,5846,164,182.54836252856055
4.05115008354187,6471,142,174.95849200304644
4.151793003082275,7341,186,259.9821020563595
4.252601146697998,6565,217,271.25
4.353310585021973,7482,212,302.01523229246004
4.454325199127197,7401,247,348.0668316831683
4.5551183223724365,7431,240,339.5734958111196
4.655846118927002,7221,220,302.4790555978675
4.7565758228302,7792,266,394.64432597105866
4.857301473617554,8330,262,415.5483625285606
4.958631277084351,8387,310,495.04379284082256
5.059829473495483,7694,357,522.9927646610815
5.160496711730957,7085,349,470.80445544554453
5.261170148849487,6552,320,399.2079207920792
5.361928939819336,7446,361,511.8061690784463
5.462720155715942,6477,356,439.03503427265804
5.563453197479248,5701,334,362.55407463823303
5.664081811904907,6591,342,429.1930693069307
5.76473331451416,6681,314,399.43526275704494
5.865679740905762,7499,332,474.04188880426506
5.9669272899627686,7287,305,423.1787890327494
6.0730390548706055,8051,289,443.0196115765423
6.176594257354736,8082,275,423.1816450875857
6.277766227722168,8059,273,418.90841584158414
6.378635883331299,8895,224,379.3754760091394
6.47979998588562,8770,177,295.56169078446305
6.580427169799805,8626,183,300.56321401370906
6.681110382080078,8087,134,206.33244478293983
6.781753778457642,8387,135,215.58358720487433
6.882434844970703,7774,122,180.58415841584159
6.983637571334839,8743,118,196.43450114242194
7.084284543991089,8668,144,237.66031987814165
7.184760093688965,7942,140,211.70601675552172
7.285457611083984,8875,100,168.98324447829398
7.386518478393555,8113,148,228.62223914699163
7.487695217132568,7603,187,270.70849200304644
7.588449478149414,7332,218,304.33663366336634
7.689092397689819,7334,200,279.28408225437926
7.790321111679077,8216,189,295.66336633663366
7.890993356704712,7600,146,211.27189642041128
7.992096424102783,8050,104,159.40594059405942
8.094759702682495,8883,142,240.17250571210968
8.195579528808594,8143,115,178.30255140898706
8.307228565216064,8603,124,203.11728865194212
8.408900737762451,7641,145,210.95677837014472
8.509539604187012,8430,117,187.7970297029703
8.610190868377686,8606,132,216.2970297029703
8.711071014404297,8032,117,178.93069306930693
8.811879873275757,8232,159,249.21706016755522
8.913063287734985,8181,169,263.25
9.014709234237671,7648,196,285.41660319878144
9.11600923538208,8341,186,295.3971820258949
9.216899633407593,8505,150,242.90746382330542
9.317560195922852,8188,195,304.009900990099
9.418278455734253,7209,157,215.50133282559025
9.519285917282104,6413,117,142.8638613861386
9.620314598083496,6170,161,189.14127951256665
9.721017360687256,6368,150,181.87357197258189
9.821716785430908,6213,144,170.34881949733435
9.922768115997314,5581,112,119.01599390708301
10.02382779121399,5398,103,105.86329017517136
10.124958515167236,4585,118,103.01408987052551
10.225691556930542,4343,148,122.38461538461539
10.326672077178955,4897,191,178.08968012185835
10.427548885345459,5020,191,182.56283320639756
10.528869152069092,5632,228,244.4965727341965
10.629571914672852,6306,256,307.3754760091394
10.730755805969238,6549,285,355.38175932977913
10.83152461051941,6574,260,325.44554455445547
10.93212342262268,5810,255,282.0925361766946
11.03351378440857,6678,216,274.64737242955067
11.134443759918213,6178,194,228.2048743335872
11.235181093215942,5665,171,184.4468773800457
11.33593201637268,5182,161,158.85415079969536
11.436538696289062,5018,188,179.62376237623764
11.541749954223633,5792,192,211.74105102817975
11.643724918365479,5161,214,210.29207920792078
11.744455575942993,5644,256,275.1073876618431
11.846081018447876,5098,239,231.99200304645848
11.946937084197998,4288,244,199.2140137090632
12.047699451446533,3897,255,189.21077684691545
12.148449897766113,3119,288,171.03427265803504
12.249892950057983,3432,321,209.76237623762376
12.350375890731812,3398,334,216.0952018278751
12.451980113983154,3142,384,229.72734196496572
12.55298113822937,3429,390,254.62871287128712
12.654032707214355,4214,416,333.7821782178218
12.754814147949219,3798,392,283.4760091393755
12.85560655593872,3438,366,239.5864432597106
12.956311225891113,4091,366,285.0925361766946
13.05726146697998,4987,397,376.9685833968012
13.158538579940796,4346,369,305.34539223153087
13.259193897247314,3357,377,240.97277227722773
13.359883785247803,3582,372,253.7136329017517
13.461137533187866,4480,351,299.4059405940594
13.561880588531494,4335,350,288.8899466869764
13.662904739379883,3918,329,245.43450114242194
13.763774871826172,4682,310,276.35567402894134
13.86446738243103,4109,337,263.6582254379284
13.965594053268433,3301,328,206.15536938309216
14.066509485244751,3073,344,201.27798933739527
14.167718172073364,4023,366,280.35376999238383
14.268272638320923,4285,342,279.0308453922315
14.368901014328003,4188,312,248.79207920792078
14.46960997581482,4007,266,202.94402132520943
14.570262670516968,3761,222,158.97600913937546
14.671405553817749,4229,190,152.9912414318355
14.77245044708252,5136,217,212.20715917745622
14.873126029968262,6014,216,247.33891850723535
14.974339246749878,6977,204,271.003046458492
15.075395345687866,7976,192,291.5826351865956
15.176070213317871,8235,232,363.7699923838538
15.276746273040771,7534,264,378.7083015993907
15.377717733383179,7606,263,380.8792840822544
15.478449583053589,7972,299,453.8514851485148
15.57960295677185,7145,334,454.38499619192686
15.680244445800781,7228,344,473.4257425742574
15.781378507614136,7885,295,442.89318354912416
15.882226943969727,8152,290,450.1294744859101
15.983014822006226,8682,279,461.21058644325973
16.083815813064575,8473,266,429.13518659558264
16.184630155563354,8348,225,357.63518659558264
16.285772562026978,7348,199,278.4181264280274
16.386866331100464,7787,210,311.36138613861385
16.48774242401123,7498,176,251.26580350342726
16.588910818099976,8421,145,232.49143183549126
16.68959617614746,8827,161,270.59158415841586
16.790508031845093,8338,181,287.35300837776083
16.89156985282898,7695,137,200.72638994668696
16.993207931518555,8470,167,269.3240670220868
17.09447693824768,7718,128,188.1005331302361
17.196168184280396,8343,100,158.85376999238386
17.297431707382202,8866,135,227.8960396039604
17.39812970161438,8520,128,207.64661081492764
17.499057054519653,8731,167,277.6231911652704
17.599939107894897,7762,127,187.6949733434882
17.70082139968872,7410,110,155.1980198019802
17.8020076751709,8236,125,196.02056359482103
17.90369462966919,7531,144,206.4859101294745
18.00424289703369,7644,157,228.5049504950495
18.105182886123657,7765,180,266.1271896420411
18.206260442733765,8045,223,341.59082254379285
18.30703377723694,7203,186,255.0948210205636
18.409204959869385,7929,192,289.86443259710586
18.510233640670776,7287,151,209.50818735719727
18.61103105545044,7089,179,241.60910129474485
18.711734771728516,7811,142,211.1884996191927
18.81298279762268,8331,186,295.04303122619956
18.913674354553223,7739,138,203.34767707539984
19.01456356048584,8102,174,268.4211728865194
19.115301370620728,8919,220,373.6062452399086
19.21603226661682,8852,237,399.4523990860624
19.31680655479431,8808,220,368.95658796648894
19.417989253997803,8916,226,383.66641279512567
19.518798112869263,8275,222,349.7810357958873
19.61975359916687,8998,258,442.019040365575
19.720524549484253,8016,299,456.35643564356434
19.82121515274048,8817,334,560.7155369383092
19.921839475631714,8638,315,518.0826351865956
20.022778511047363,8579,276,450.83853769992385
20.12368631362915,8828,283,475.6900228484387
20.224456310272217,8569,266,433.9973343488195
20.325202703475952,7866,217,325.0041888804265
20.426130771636963,7109,202,273.4230769230769
20.526837825775146,6741,165,211.77932216298552
20.62824273109436,6488,125,154.41736481340442
20.729186058044434,6637,163,205.98457730388424
20.829932928085327,7336,209,291.9314546839299
20.93073081970215,8216,192,300.35643564356434
21.031615495681763,7608,180,260.74638233054077
21.132781744003296,8154,166,257.7235338918507
21.233530282974243,7961,215,325.8977532368622
21.33439803123474,8391,211,337.10986290936785
21.43533682823181,8429,250,401.2281035795887
21.536422729492188,7720,205,301.33282559025133
21.637617111206055,7427,229,323.83530083777606
21.738802671432495,7183,224,306.35795887281034
21.839239358901978,7248,184,253.92840822543792
21.940001487731934,7727,143,210.38861386138615
22.041139125823975,8284,117,184.54455445544554
22.141838550567627,7675,127,185.59120335110435
22.24266290664673,7016,112,149.61766945925362
22.343679189682007,6445,114,139.8952779893374
22.44423532485962,7405,141,198.80140898705255
22.544951915740967,7776,170,251.6984006092917
22.64615774154663,8053,182,279.06435643564356
22.74687170982361,8626,204,335.05407463823303
22.847354888916016,8083,222,341.66527037319116
22.948543310165405,7738,232,341.81568926123384
23.051548719406128,7014,207,276.44668697638997
23.15427327156067,7977,202,306.8076923076923
23.255066871643066,8617,237,388.8478674790556
23.355804920196533,7790,269,398.9927646610815
23.45688509941101,8718,290,481.3823305407464
23.55789017677307,8645,288,474.05940594059405
23.658859729766846,8725,328,544.897182025895
23.759607315063477,8118,318,491.53160700685453
23.860331773757935,8963,346,590.479436405179
23.961297750473022,8708,332,550.4676313785225
24.06201195716858,8327,343,543.8234958111195
24.163652658462524,8764,323,538.989337395278
24.26434350013733,7894,355,533.5814927646611
24.36504626274109,8276,376,592.4935262757045
24.46594500541687,7379,404,567.6153846153846
24.567128896713257,7261,404,558.5384615384615
24.667797803878784,6497,429,530.6955445544554
24.768489837646484,6779,431,556.311690784463
24.869396448135376,7563,414,596.1694592536177
24.970208406448364,7204,428,587.0738766184311
25.07133722305298,7443,435,616.4708682406703
25.172053813934326,7374,386,541.958111195735
25.272828102111816,7920,375,565.4988575780656
25.373753309249878,8712,393,651.9070830159939
25.474995374679565,8078,443,681.3697638994669
25.57565975189209,7372,436,611.993907083016
25.676372051239014,7436,406,574.8316831683169
25.777580738067627,8097,417,642.8882330540746
25.878273487091064,8119,393,607.5337014470678
25.979004383087158,8822,403,676.9356435643564
26.080199241638184,8155,381,591.5946306169078
26.180819988250732,8345,404,641.9230769230769
26.281436681747437,7548,366,526.003046458492
26.382654428482056,7398,393,553.5822543792841
26.48376202583313,7670,416,607.5247524752475
26.58442759513855,7913,391,589.1056740289414
26.68600869178772,8467,349,562.6395658796649
26.787009477615356,8818,388,651.4440213252094
26.887742519378662,8650,369,607.7399086062452
26.988606452941895,8236,410,642.947448591013
27.0893452167511,7752,398,587.4516374714394
27.190159797668457,8504,400,647.6770753998477
27.290899991989136,8780,375,626.9040365575019
27.392046213150024,8323,411,651.3238766184311
27.49265480041504,8691,381,630.4781035795887
27.59341025352478,8185,416,648.3168316831683
27.694363117218018,8321,446,706.6195734958111
27.795118808746338,8448,431,693.2764661081493
27.896301746368408,8856,409,689.6618431073877
27.99705743789673,8336,401,636.4691546077685
28.097853899002075,8070,385,591.5746382330541
28.198707342147827,7725,338,497.15346534653463
28.300440073013306,7174,385,525.8929931454684
28.401230812072754,7767,351,519.0816831683169
28.50206971168518,8663,342,564.1176694592536
28.60277009010315,8048,337,516.4082254379284
28.70361042022705,8116,301,465.14013709063215
28.804476976394653,7447,348,493.44173648134046
28.905800342559814,7795,377,559.5420792079208
29.00647473335266,7933,341,515.0710205635949
29.10728645324707,7023,336,449.3008377760853
29.207936763763428,7124,291,394.7227722772277
29.308622360229492,6999,325,433.10643564356434
29.40974712371826,6118,328,382.08377760853006
29.510945558547974,5220,356,353.8309215536938
29.611687660217285,5753,370,405.2951256664128
29.7129807472229,4887,400,372.2010662604722
29.81377124786377,5721,445,484.73819497334347
29.915223121643066,4758,406,367.81188118811883
30.015981197357178,4714,392,351.84463061690786
30.11717176437378,5538,438,461.8514851485148
30.217997789382935,5099,416,403.8811881188119
30.318819046020508,4593,415,362.9274562071592
30.419715642929077,4733,427,384.80407463823303
30.520458936691284,4860,428,396.05483625285603
30.621222734451294,5458,444,461.41507996953544
30.722060918807983,4893,427,397.81245239908606
30.822829484939575,5439,428,443.23914699162225
30.923532962799072,4706,450,403.2178217821782
31.024118423461914,5192,431,426.0761614623001
31.125184774398804,4361,439,364.5238004569688
31.226175546646118,4015,389,297.3790936785986
31.326858282089233,4497,356,304.8233054074638
31.427565574645996,4397,329,275.4404036557502
31.52830696105957,4283,349,284.60910129474485
31.629482984542847,4738,371,334.6911652703732
31.73055100440979,4929,414,388.53884234577305
31.831296682357788,5274,371,372.55407463823303
31.932052850723267,4603,408,357.5826351865956
32.03282356262207,5294,358,360.86290936785986
32.13344693183899,5628,399,427.56511805026656
32.23432207107544,5701,428,464.5902513328256
32.336546421051025,5711,424,461.05559786747904
32.43784427642822,6131,382,445.93335872048743
32.53853893280029,6095,389,451.43849961919267
32.639408111572266,5944,412,466.28484386900226
32.74015426635742,6722,363,464.6012947448591
32.840951442718506,7264,332,459.18659558263516
32.941893339157104,8161,332,515.8895658796649
33.042680978775024,7221,311,427.59539223153087
33.14385414123535,7960,356,539.5582635186596
33.244708776474,7406,349,492.13518659558264
33.345688343048096,8057,350,536.9287890327495
33.44644808769226,8939,358,609.3225437928409
33.54711055755615,8963,359,612.6650799695354
33.64790868759155,8793,350,585.9767707539985
33.748841524124146,8385,321,512.4876237623762
33.85007166862488,8811,306,513.3598629093678
33.951186180114746,8490,344,556.0853008377761
34.05189824104309,8493,367,593.4750571210967
34.152750730514526,8746,385,641.1290936785987
34.253708362579346,8561,429,699.289603960396
34.35497212409973,8143,394,610.8800456968773
34.45624327659607,8860,363,612.3724295506473
34.557196617126465,8065,382,586.601294744859
34.65807104110718,7756,357,527.2071591774562
34.75897693634033,8589,321,524.9560167555217
34.859755516052246,8132,346,535.7334348819497
34.96048164367676,8506,367,594.3834729626809
35.06135582923889,8788,398,665.960396039604
35.16209053993225,8071,376,577.8172124904798
35.26275682449341,8980,412,704.4478293983244
35.364001989364624,8377,388,618.8644325971059
35.4647798538208,8379,362,577.5319878141661
35.56602168083191,7651,352,512.7859862909368
35.66681265830994,7312,383,533.2246763137853
35.768033504486084,8271,347,546.4655369383092
35.868854999542236,8594,316,517.0799695354151
35.96961259841919,7854,296,442.64737242955067
36.07084345817566,8314,317,501.81607006854534
36.17215180397034,8013,293,447.0314166031988
36.27293157577515,8334,297,471.28674790555976
36.3736732006073,9000,255,436.976389946687
36.47440719604492,8515,241,390.730198019802
36.57526087760925,8138,199,308.3514851485148
36.67619514465332,7781,199,294.8246382330541
36.7771635055542,8595,237,387.8551028179741
36.8785445690155,8838,187,314.6812642802742
36.97936964035034,8986,224,383.25666412795124
37.080424070358276,8559,250,407.41622239146994
37.18124532699585,8546,208,338.45544554455444
37.28199315071106,7942,245,370.48552932216296
37.38287711143494,8311,266,420.9303122619954
37.484211921691895,8269,301,473.90879664889565
37.58502984046936,8093,299,460.740099009901
37.685739278793335,8968,267,455.91317593297794
37.78685736656189,8228,277,433.95963442498095
37.88790559768677,7733,300,441.7174409748667
37.98907661437988,8640,269,442.5285605483625
38.09011220932007,7729,313,460.6201447067784
38.19075012207031,7999,278,423.4047981721249
38.29223108291626,8030,276,421.98781416603197
38.393346548080444,7606,253,366.3971820258949
38.494197845458984,6630,278,350.94059405940595
38.59501075744629,7108,265,358.6481340441737
38.696240186691284,7971,259,393.08625285605484
38.79728126525879,7426,254,359.14013709063215
38.89852499961853,7570,290,417.993145468393
38.999284505844116,8459,308,496.0723533891851
39.100506067276,8624,332,545.1576542269612
39.20168352127075,7817,360,535.8187357197259
39.30272936820984,7405,319,449.770563594821
39.403510332107544,6646,364,460.61386138613864
39.504631996154785,5867,411,459.1273800456969
39.60534381866455,5986,433,493.51447067783704
39.707544803619385,5963,403,457.5569306930693
39.80886697769165,5267,427,428.21953541508
39.909828662872314,6028,429,492.38613861386136
40.011035680770874,5047,438,420.9036557501904
40.11193132400513,4290,442,361.03960396039605
40.21263670921326,4350,417,345.3827113480579
40.31352472305298,4683,432,385.1972581873572
40.414594411849976,4633,410,361.6774562071592
40.51528191566467,5092,366,354.8499619192689
40.61676788330078,4179,336,267.35415079969533
40.71790313720703,4277,325,264.66584158415844
40.81892919540405,3372,335,215.08377760853008
40.91974067687988,3148,313,187.6092916984006
41.02044606208801,2479,328,154.81949733434882
41.12120580673218,2444,366,170.31683168316832
41.22187542915344,2547,402,194.95316070068546
41.322718381881714,1899,384,138.84539223153084
41.42357087135315,1540,350,102.62757044935263
41.5244345664978,2402,378,172.87814166031987
41.6252338886261,2710,339,174.92193450114243
41.7264084815979,3213,358,219.0125666412795
41.827632665634155,3949,331,248.88023610053312
41.92832016944885,4324,357,293.9200304645849
42.02889680862427,4697,314,280.8183549124143
42.12955093383789,4819,338,310.13366336633663
42.230220317840576,5202,295,292.1915460776847
42.33095192909241,4756,296,268.04569687738007
42.43189358711243,5129,345,336.9202208682407
42.5330536365509,5870,309,345.35986290936785
42.63421154022217,5167,326,320.7239146991622
42.734803676605225,4938,368,345.998476770754
42.835875034332275,4103,357,278.8977532368622
42.936631202697754,4593,328,286.84386900228486
43.03782677650452,4164,374,296.5224676313785
43.1390175819397,3437,412,269.6199543031226
43.23958611488342,3771,372,267.1005331302361
43.340721130371094,3555,345,233.52532368621476
43.44196605682373,4428,333,280.75476009139373
43.542545557022095,4624,338,297.58415841584156
43.643216371536255,4542,301,260.3088347296268
43.743961811065674,5250,318,317.8789032749429
43.84577178955078,6117,330,384.3507235338918
43.94804048538208,5750,335,366.76504188880426
44.0485737323761,6653,362,458.56549885757806
44.14935302734375,6239,391,464.4800076161462
44.25012922286987,7229,376,517.5369383092155
44.35100269317627,7334,399,557.1717440974867
44.45193076133728,7836,439,654.989337395278
44.552968978881836,7161,439,598.5679741051028
44.65415167808533,8098,415,639.8838537699924
44.75478959083557,7632,403,585.6237623762377
44.85788869857788,8539,390,634.0841584158416
44.95874810218811,8254,439,689.9287890327495
45.059361696243286,8636,391,642.9314546839299
45.160622119903564,8579,359,586.4167936024371
45.261553049087524,8585,373,609.7115384615385
45.36285924911499,8979,357,610.3394897182026
45.463645458221436,8788,392,655.9207920792079
45.56448745727539,7891,376,564.9306930693069
45.665531396865845,7959,334,506.1511805026656
45.766860485076904,8290,307,484.5830159939071
45.86751699447632,7363,336,471.05255140898703
45.96818566322327,8027,359,548.6848819497334
46.06886315345764,7570,363,523.2121096725057
46.16953420639038,8313,323,511.2526656511805
46.27010798454285,8775,314,524.6287128712871
46.37091612815857,8585,315,514.9038461538462
46.47218060493469,8090,286,440.54455445544556
46.573044776916504,7144,314,427.11652703731914
46.67369270324707,7102,292,394.85605483625284
46.774576902389526,7047,296,397.16527037319116
46.875314474105835,8011,300,457.5971058644326
46.976110219955444,7394,263,370.26313785224676
47.07684826850891,7840,223,332.88651942117286
47.17759609222412,7519,239,342.16317593297794
47.27840042114258,6765,237,305.275133282559
47.37946963310242,7564,258,371.5750190403656
47.48076796531677,8454,292,470.024371667936
47.581565856933594,8203,300,468.56435643564356
47.682466983795166,8375,337,537.3905178979436
47.783719062805176,8080,381,586.1538461538462
47.884647846221924,7963,384,582.2147753236862
47.98560690879822,7281,421,583.6445163747144
48.086737632751465,7378,448,629.3495811119574
48.18749785423279,7153,425,578.8318735719726
48.28829503059387,7363,434,608.442878903275
48.389281034469604,7286,384,532.7159177456207
48.490004777908325,8216,401,627.3069306930693
48.59105038642883,8453,358,576.1945925361767
48.692179679870605,7902,313,470.9303122619954
48.79339241981506,8680,315,520.6016755521706
48.89430832862854,8641,309,508.39089870525515
48.99515390396118,8852,348,586.5376999238385
49.09629821777344,8497,351,567.8688118811881
49.19692277908325,8293,382,603.1846915460777
49.29814100265503,7659,384,559.987814166032
49.398972034454346,6806,389,504.1001523229246
49.501505851745605,5871,390,435.96534653465346
49.60711216926575,6437,411,503.733244478294
49.707693576812744,6213,415,490.93583396801216
49.808902740478516,6661,373,473.0679741051028
49.90959405899048,6995,419,558.0550266565118
50.01023554801941,6246,432,513.7608530083778
50.12640023231506,6757,435,559.6525133282558
50.22820997238159,6568,436,545.2490479817212
50.32912039756775,7344,425,594.2878903274943
50.429903984069824,7294,448,622.1843107387662
50.5305597782135,6384,435,528.7585681645088
50.63175654411316,7114,425,575.6759329779131
50.73341608047485,7265,442,611.4108910891089
50.834105014801025,7122,411,557.3385376999238
50.93533277511597,7844,404,603.3846153846154
51.03633189201355,7237,383,527.755331302361
51.13756275177002,7552,359,516.2162985529322
51.23859429359436,7428,402,568.5559786747906
51.33973050117493,7505,408,583.0236100533131
51.440768003463745,7078,426,574.1104341203351
51.542943239212036,6103,430,499.6744097486672
51.643901348114014,5911,445,500.83682406702206
51.74598526954651,6700,404,515.3846153846154
51.84667634963989,6065,413,476.9316450875857
51.94747519493103,6995,413,550.0637852246763
52.048704385757446,6356,449,543.3823305407464
52.149866819381714,7271,419,580.0740670220869
52.25043964385986,7234,379,522.0270373191165
52.35150718688965,6593,383,480.79188880426506
52.45230960845947,7592,413,597.009900990099
52.5731999874115,7862,405,606.2661843107388
52.675015687942505,8465,435,701.1186214775323
52.77578926086426,8291,435,686.7069687738004
52.87653589248657,8220,416,651.0891089108911
52.97741389274597,7507,404,577.4615384615385
53.07856249809265,8250,417,655.0361766945925
53.179598808288574,8357,418,665.1230007616147
53.280186891555786,7495,373,532.2991241431836
53.38072681427002,8202,409,638.7315308453923
53.48140573501587,7965,387,586.9107006854532
53.58211827278137,8460,399,642.7151561309977
53.68317198753357,8782,436,729.046458492003
53.78424382209778,8429,437,701.3467250571211
53.88488459587097,8643,389,640.1612718964204
53.98556613922119,7957,412,624.1972581873572
54.086392879486084,7925,384,579.4364051789794
54.18771266937256,8556,390,635.3465346534654
54.288636445999146,8843,411,692.0169459253617
54.38954758644104,8709,435,721.3280654988575
54.49033331871033,8872,385,650.3655750190404
54.591630697250366,8817,413,693.3398705255141
54.69290375709534,8602,445,728.8442498095964
54.794758319854736,7762,416,614.8118811881188
54.89683246612549,7836,415,619.1812642802741
54.99853157997131,8258,389,611.6454683929932
55.09991216659546,8340,383,608.1911652703732
55.20164918899536,7857,367,549.0325590251333
55.302404165267944,8660,392,646.3670982482863
55.403181314468384,7724,428,629.4501142421934
55.50443387031555,7622,441,640.0041888804265
55.61216425895691,7242,391,539.1511805026656
55.712857246398926,6281,355,424.5535034272658
55.813843965530396,7194,374,512.2916984006093
55.91490840911865,7250,340,469.34501142421936
56.01643252372742,7034,390,522.3267326732673
56.11763668060303,6399,345,420.3455826351866
56.220829486846924,7270,364,503.86138613861385
56.322092056274414,7232,331,455.78674790555976
56.42276215553284,8126,341,527.602056359482
56.52368474006653,8990,301,515.2303884234577
56.62502646446228,8601,346,566.6309977151561
56.73384881019592,8989,348,595.6153846153846
56.83457398414612,8304,305,482.23914699162225
56.93535661697388,8508,262,424.4280274181264
57.03624653816223,7581,226,326.2197258187357
57.13686656951904,6682,203,258.2722772277228
57.23846888542175,7334,191,266.71629855293224
57.339287519454956,6450,210,257.9017517136329
57.440696477890015,6713,220,281.1995430312262
57.541849851608276,6492,240,296.66412795125666
57.642695903778076,6901,243,319.29607768469157
57.74385643005371,6099,236,274.06016755521705
57.844587326049805,5233,251,250.09196496572733
57.94528651237488,5830,244,270.85300837776083
58.04587745666504,6590,269,337.53046458492
58.14708852767944,6781,221,285.33910891089107
58.248132944107056,5869,270,301.7193450114242
58.34885287284851,6058,314,362.18811881188117
58.45031404495239,5840,266,295.7806549885758
58.550992250442505,5999,238,271.8511043412033
58.65177130699158,5674,271,292.7749428789033
58.75323295593262,4739,238,214.75285605483626
58.85439991950989,5016,216,206.29398324447828
58.9551317691803,5681,257,277.99257425742576
59.05636024475098,6113,209,243.262947448591
59.15743923187256,5913,244,274.7090632140137
59.25947070121765,6310,238,285.94440213252096
59.36057257652283,6770,206,265.54074638233055
59.46206212043762,7681,190,277.8731911652704
59.563416719436646,7035,203,271.91641279512567
59.67069172859192,7998,171,260.4070830159939
59.77423143386841,7287,213,295.5314166031988
59.87529230117798,8024,164,250.55902513328255
59.97623634338379,8563,134,218.47715156130997
60.07690739631653,7915,146,220.02856054836252
60.17778921127319,8596,176,288.06092916984005
60.28008460998535,8959,178,303.63709063214014
60.381322383880615,8301,143,226.01732673267327
60.48237633705139,8688,185,306.03198781416603
60.58355760574341,8015,190,289.95620715917744
60.68471956253052,7135,213,289.3669078446306
60.78572177886963,6754,189,243.05140898705255
60.8864312171936,6553,213,265.76332825590254
60.98853611946106,6345,229,276.6574638233054
61.08935189247131,6615,246,309.84196496572736
61.191168546676636,7248,285,393.31302361005334
61.29198884963989,7394,287,404.0514089870525
61.392672538757324,7304,285,396.3518659558263
61.493560791015625,7841,313,467.29493526275706
61.59504771232605,7335,296,413.3968012185834
61.69629096984863,6731,310,397.2981721249048
61.797478675842285,6446,335,411.15955826351865
61.89910817146301,7165,383,522.5047600913938
62.00129151344299,7911,352,530.2117288651942
62.10239291191101,6941,396,523.3503427265804
62.20296835899353,6087,438,507.63632901751714
62.30413198471069,6976,392,520.6763137852247
62.404773235321045,7754,361,532.9767707539985
62.5059814453125,7217,330,453.46725057121097
62.622742652893066,6959,366,484.95696877380044
62.726423501968384,6907,386,507.63556740289414
62.82755208015442,7016,349,466.2193450114242
62.92880177497864,6501,355,439.4240289413557
63.02948355674744,6179,358,421.18849961919267
63.130515336990356,6205,327,386.33568164508756
63.2316677570343,6130,340,396.83929931454685
63.332659006118774,6657,297,376.4525894897182
63.434203147888184,6826,286,371.71287128712873
63.53490471839905,7297,305,423.7595201827875
63.6357319355011,7035,322,431.31568926123384
63.7373685836792,7275,336,465.4226961157654
63.83810830116272,6566,369,461.3202589489718
63.93896412849426,6972,328,435.4181264280274
64.04432559013367,7190,282,386.05864432597104
64.1529757976532,8062,275,422.13442498095964
64.265615940094,7448,305,432.5285605483625
64.36679315567017,6800,271,350.8758568164509
64.46772503852844,5853,286,318.7277227722772
64.57694435119629,6136,261,304.9306930693069
64.68257999420166,6520,256,317.8065498857578
64.78724312782288,6937,265,350.0199923838538
64.88843297958374,6347,303,366.1730769230769
64.98934960365295,7274,258,357.3290175171363
65.09005331993103,7384,218,306.4950495049505
65.19103074073792,6858,193,252.01713632901752
65.29231023788452,7539,162,232.54341203351103
65.39301466941833,7090,156,210.59405940594058
65.49421715736389,7152,131,178.3914699162224
65.59547328948975,6275,174,207.89223153084538
65.69620275497437,6157,150,175.84729626808834
65.79739904403687,6626,126,158.96344249809596
65.8985526561737,7567,115,165.69021325209445
65.99982357025146,7642,144,209.52932216298552
66.10143256187439,6952,188,248.85300837776086
66.20213723182678,6463,238,292.8777608530084
66.3027777671814,5558,216,228.5849200304646
66.40347051620483,6108,190,220.96725057121097
66.5050790309906,5792,240,264.6763137852247
66.60574841499329,6122,257,299.5723533891851
66.70662832260132,5478,297,309.7802741812643
66.80736708641052,4580,319,278.18354912414316
66.90857791900635,5362,338,345.0792079207921
67.01036047935486,5413,388,399.8941355674029
67.11166858673096,6120,362,421.8278750952018
67.2124457359314,6929,336,443.28712871287127
67.31339406967163,6678,372,473.003808073115
67.41423058509827,6082,352,407.6283320639756
67.51589941978455,6175,332,390.34653465346537
67.61753392219543,5803,382,422.0765422696116
67.7183096408844,5258,357,357.4078446306169
67.8192229270935,5560,392,414.98857578065497
67.91995072364807,6465,342,420.98819497334347
68.0208249092102,6567,370,462.64089870525515
68.12149119377136,5777,379,416.88556740289414
68.22224545478821,4781,425,386.88594821020564
68.32360863685608,5213,433,429.78465346534654
68.42433261871338,6138,392,458.1294744859101
68.52551627159119,5541,396,417.7905559786748
68.62620687484741,5224,401,398.86214775323685
68.7269721031189,5356,395,402.8217821782178
68.8277940750122,5236,403,401.7722772277228
68.92840933799744,5558,389,411.66450875856816
69.02968621253967,5724,350,381.45468392993143
69.1303026676178,6148,317,371.0807311500381
69.23100543022156,7058,328,440.78903274942877
69.33210515975952,6914,327,430.479436405179
69.4327073097229,7762,343,506.9242193450114
69.53341507911682,8021,337,514.6757425742575
69.63407063484192,7502,367,524.2258187357197
69.73483753204346,7791,398,590.4070830159939
69.83794212341309,8491,416,672.5544554455446
69.9387583732605,7993,390,593.539603960396
70.03934931755066,7223,372,511.6062452399086
70.140949010849,7470,358,509.18888042650417
70.2417061328888,7848,403,602.1980198019802
70.35758566856384,7850,417,623.2768469154607
70.45884847640991,7795,425,630.783511043412
70.55956172943115,6795,376,486.46610814927647
70.66063952445984,6460,356,437.8827113480579
70.76146245002747,7032,327,437.8263518659558
70.86260271072388,6450,338,415.0990099009901
70.96471285820007,5830,388,430.7006854531607
71.06536197662354,6169,425,499.20506473724294
71.16698431968689,6039,395,454.18983244478295
71.26771855354309,6642,363,459.0719725818736
71.36859130859375,6967,402,533.2699923838537
71.46953678131104,7227,447,615.0931073876618
71.57089614868164,8040,415,635.3008377760852
71.67159652709961,7750,429,633.0445544554456
71.77236819267273,7939,407,615.2271515613099
71.87310457229614,8286,359,566.3888042650419
71.97376823425293,7752,340,501.84310738766186
72.07434678077698,8043,299,457.89356435643566
72.17556071281433,8937,315,536.0158035034273
72.2760717868805,8006,365,556.395658796649
72.3769884109497,8905,320,542.5742574257425
72.47766590118408,8321,363,575.1186214775323
72.57867383956909,8411,363,581.3391089108911
72.67972993850708,7562,399,574.493145468393
72.78095602989197,7439,429,607.6410891089109
72.88160562515259,6922,443,583.8625285605484
72.98243713378906,7624,444,644.5270373191165
73.08359479904175,7622,449,651.6142421934501
73.18487429618835,7710,423,620.9691546077685
73.28611469268799,7869,422,632.2768469154607
73.3870062828064,7998,379,577.1595582635186
73.48773503303528,7456,359,509.65422696115763
73.58847975730896,6735,380,487.3000761614623
73.6892294883728,6107,364,423.25742574257424
73.79060101509094,6479,403,497.1509900990099
73.89184761047363,6768,430,554.1203351104341
73.99277067184448,6762,409,526.5913937547601
74.09341478347778,6653,397,502.9019421172886
74.19406390190125,5795,357,393.90993907083015
74.29468488693237,5887,398,446.1207159177456
74.3957748413086,5476,382,398.2924600152323
74.49687600135803,4943,394,370.8191165270373
74.59749674797058,4530,426,367.43716679360244
74.69811987876892,4382,404,337.0769230769231
74.79876160621643,4297,410,335.44744859101297
74.89931082725525,3880,362,267.43335872048743
75.00084853172302,4696,411,367.4897182025895
75.10142970085144,3949,422,317.3035034272658
75.20222210884094,3584,440,300.25894897182025
75.30297541618347,2959,435,245.08092155369383
75.40397119522095,2667,418,212.26313785224676
75.50459933280945,1772,446,150.47829398324447
75.60551810264587,1342,421,107.57463823305407
